machine,compiler,repetition,query,engine,threads,query_label,time,task-clock,context-switches,cpu-migrations,page-faults,cycles,instructions,branches,branch-misses,L1-dcache-loads,L1-dcache-load-misses,LLC-loads,LLC-load-misses,L1-icache-loads,L1-icache-load-misses,dTLB-loads,dTLB-load-misses,iTLB-loads,iTLB-load-misses,L1-dcache-prefetches,L1-dcache-prefetch-misses
burrata,gcc,0,1,hyper,1,q1 hyper,7421.938,45979.41,4870.0,2.0,348454.0,137734081121.0,326313717186.0,,54150217.0,147413275306.0,880103492.0,,,82826075813.0,7161778.0,148736494114.0,57093912.0,49047632406.0,4933.0,,
burrata,gcc,0,1,vectorwise,1,q1 vectorwise,14146.294,86414.86,8822.0,0.0,348368.0,258932063428.0,552772147411.0,,81787494.0,219352920503.0,1781994204.0,,,142832903444.0,9029600.0,228923145686.0,79326784.0,106642428133.0,9106.0,,
burrata,clang,0,1,hyper,1,q1 hyper,43842.08,264858.59,26987.0,4.0,348430.0,793624915229.0,1047384173052.0,,56073199.0,375869668788.0,1062594284.0,,,263060415787.0,23897870.0,377051897921.0,67428148.0,153120168584.0,18674.0,,
burrata,clang,0,1,vectorwise,1,q1 vectorwise,14239.902,87024.77,9034.0,2.0,348367.0,260608058253.0,490810576337.0,,90639849.0,204970375934.0,1949859706.0,,,130218880315.0,11731410.0,213866543400.0,70731559.0,95923379542.0,13912.0,,
burrata,clang,0,1,hyper,16,q1 hyper,2745.437,264940.6,27602.0,10.0,349266.0,792296634472.0,1044863262312.0,,56405487.0,375117321764.0,1059733279.0,,,262421340643.0,21536492.0,376350965607.0,66033124.0,152291669631.0,26312.0,,
burrata,clang,0,1,vectorwise,16,q1 vectorwise,912.978,89345.52,9942.0,80.0,357019.0,266364586713.0,492031711902.0,,92307981.0,204966079642.0,1927891286.0,,,130344557345.0,11444324.0,214335716187.0,60902188.0,96356194648.0,34324.0,,
burrata,gcc,0,1,hyper,16,q1 hyper,470.374,46711.05,5880.0,7.0,349277.0,139047667536.0,326527029688.0,,54861515.0,147417207186.0,880701526.0,,,82748641350.0,6122546.0,148172510701.0,58432263.0,48915215485.0,23236.0,,
burrata,gcc,0,1,vectorwise,16,q1 vectorwise,905.638,88626.97,10160.0,85.0,356506.0,263809989269.0,553132947372.0,,84415924.0,219078196667.0,1740485109.0,,,143239062558.0,9615050.0,229691071937.0,62034212.0,106882644235.0,41433.0,,
burrata,clang,0,1,hyper,32,q1 hyper,1381.401,266215.61,29362.0,23.0,350392.0,794325676992.0,1047720297614.0,,57132040.0,375951441289.0,1058993829.0,,,263095188657.0,23625897.0,376425345070.0,66831525.0,152904442892.0,52275.0,,
burrata,clang,0,1,vectorwise,32,q1 vectorwise,474.315,91565.5,11702.0,189.0,359337.0,269625406937.0,494499242426.0,,94152404.0,205775242069.0,1930589954.0,,,132044571649.0,13204264.0,215090641602.0,62383202.0,96623247167.0,69265.0,,
burrata,gcc,0,1,hyper,32,q1 hyper,241.896,48553.19,19194.0,11.0,350458.0,143563301677.0,335437681565.0,,55685390.0,148205133266.0,859185146.0,,,84532802531.0,7662290.0,148821891827.0,57822702.0,52277976596.0,37991.0,,
burrata,gcc,0,1,vectorwise,32,q1 vectorwise,467.331,90829.63,28063.0,192.0,359507.0,267223443793.0,556007096734.0,,85089508.0,220372664743.0,1758928179.0,,,144314401229.0,11486968.0,230162235425.0,62641059.0,108210865788.0,64915.0,,
burrata,clang,0,1,hyper,48,q1 hyper,931.042,268085.72,140450.0,41.0,351557.0,795400023274.0,1049307877972.0,,58895641.0,376183661018.0,1058441751.0,,,264246416371.0,35071660.0,376993291542.0,70890060.0,153710978930.0,69852.0,,
burrata,clang,0,1,vectorwise,48,q1 vectorwise,329.513,94548.67,19246.0,293.0,362090.0,278313240396.0,502705999445.0,,94217260.0,206462289743.0,1981312380.0,,,133167432895.0,14629532.0,219189552304.0,62112175.0,99034283930.0,62209.0,,
burrata,gcc,0,1,hyper,48,q1 hyper,172.328,50604.95,12475.0,46.0,351518.0,146069583222.0,335884660614.0,,56475798.0,148282970744.0,887780964.0,,,84760915160.0,9187688.0,148987667464.0,58956277.0,52904279340.0,64803.0,,
burrata,gcc,0,1,vectorwise,48,q1 vectorwise,322.391,95533.59,105195.0,285.0,361924.0,279976760755.0,587636294169.0,,84714901.0,224587439343.0,1747259460.0,,,152889550328.0,13535861.0,234991097658.0,61969210.0,117140899685.0,89823.0,,
burrata,clang,0,1,hyper,64,q1 hyper,733.339,269635.87,83215.0,22.0,352670.0,795634209931.0,1050308793792.0,,58903479.0,378014120818.0,1064882125.0,,,265595873548.0,32557605.0,377890012853.0,73826359.0,154081070125.0,84470.0,,
burrata,clang,0,1,vectorwise,64,q1 vectorwise,250.109,97067.96,36235.0,388.0,366467.0,283137807453.0,499800557601.0,,95783453.0,206087867097.0,2000472957.0,,,131941915514.0,18113028.0,217093155092.0,62410853.0,97694723567.0,163122.0,,
burrata,gcc,0,1,hyper,64,q1 hyper,144.366,54576.58,26503.0,23.0,352801.0,153490951982.0,334188617861.0,,60406164.0,148221304537.0,859911897.0,,,84367766447.0,11724799.0,147336511457.0,59022410.0,51289937036.0,83668.0,,
burrata,gcc,0,1,vectorwise,64,q1 vectorwise,276.938,95660.61,26582.0,389.0,366882.0,276558977643.0,557112282404.0,,86439133.0,220180054681.0,1801334795.0,,,144184414615.0,16678942.0,231674950525.0,63381527.0,108340378394.0,180845.0,,
burrata,clang,0,1,hyper,80,q1 hyper,574.803,274018.46,131868.0,55.0,353834.0,805957935702.0,1089635246927.0,,60404086.0,381433981414.0,640329252.0,,,274816860595.0,33426780.0,382453362378.0,72603370.0,165081957249.0,121229.0,,
burrata,clang,0,1,vectorwise,80,q1 vectorwise,219.019,103077.77,122020.0,485.0,372248.0,293037275587.0,512310990053.0,,96032655.0,208972273306.0,2037702574.0,,,134965276567.0,20837668.0,221123972435.0,65341798.0,99750657143.0,198676.0,,
burrata,gcc,0,1,hyper,80,q1 hyper,141.402,64133.06,20281.0,22.0,353918.0,177388473494.0,333116230680.0,,120063179.0,151799358099.0,902566944.0,,,86688969892.0,11107697.0,153019684730.0,62228404.0,52157110289.0,150382.0,,
burrata,gcc,0,1,vectorwise,80,q1 vectorwise,214.727,102046.25,300464.0,484.0,371736.0,289022937170.0,564956902787.0,,86885431.0,220263117859.0,1815469449.0,,,148217529774.0,19919961.0,234660352706.0,64596678.0,112330301457.0,181640.0,,
burrata,gcc,0,1,hyper,88,q1 hyper,140.26,71185.2,406710.0,51.0,354457.0,199244108263.0,357165473676.0,,67918210.0,154896623309.0,898776176.0,,,92650552178.0,16295740.0,156620185475.0,62543956.0,57389062702.0,130168.0,,
burrata,gcc,0,1,vectorwise,88,q1 vectorwise,204.83,110656.04,105826.0,538.0,374339.0,314588391631.0,623389265493.0,,85644465.0,229324236691.0,1832475349.0,,,168334510001.0,17564204.0,246486525456.0,65315764.0,130876718624.0,145109.0,,
burrata,clang,0,1,vectorwise,96,q1 vectorwise,192.551,111816.75,221913.0,589.0,376120.0,317452809415.0,535393429522.0,,96911218.0,212637164047.0,2052956043.0,,,141723486274.0,23746951.0,226445690123.0,65636093.0,102521903919.0,241907.0,,
burrata,clang,0,1,hyper,96,q1 hyper,486.136,274634.97,116172.0,62.0,354916.0,804505611105.0,1075253732863.0,,59697006.0,379981747586.0,1065339910.0,,,271099722435.0,30567936.0,379146427537.0,70516706.0,159461556341.0,147058.0,,
burrata,gcc,0,1,vectorwise,96,q1 vectorwise,200.211,110489.17,225815.0,584.0,376440.0,312210974931.0,582198790931.0,,90644373.0,223924614173.0,1880071165.0,,,151316145200.0,22607647.0,238674545855.0,65605377.0,115223228315.0,194745.0,,
burrata,gcc,0,1,hyper,96,q1 hyper,144.018,78158.66,39365.0,51.0,354888.0,223491104953.0,365239781584.0,,63833055.0,153141980527.0,886270046.0,,,91486464969.0,15397369.0,157468858929.0,61508694.0,61157835637.0,116647.0,,
burrata,clang,0,1,vectorwise,104,q1 vectorwise,198.463,119639.05,127067.0,658.0,378274.0,336988583147.0,552295526188.0,,98321489.0,216284347351.0,2085329924.0,,,146943303742.0,24204131.0,233426138526.0,65911155.0,105620023731.0,249011.0,,
burrata,clang,0,1,hyper,104,q1 hyper,450.249,277756.5,370497.0,103.0,355502.0,812401050690.0,1095204151840.0,,63541737.0,382995602803.0,1066415294.0,,,276673788965.0,38764797.0,383098045283.0,72890006.0,166206890763.0,165964.0,,
burrata,gcc,0,1,vectorwise,104,q1 vectorwise,191.176,114488.51,67762.0,627.0,378003.0,321639140705.0,576065220032.0,,87789669.0,222472925325.0,1939291872.0,,,150069595739.0,21552527.0,242463707531.0,66725688.0,114406311527.0,225617.0,,
burrata,gcc,0,1,hyper,104,q1 hyper,145.126,83968.71,77158.0,68.0,355444.0,236165286506.0,362432452553.0,,63948247.0,153851085529.0,894174584.0,,,92455934486.0,17554589.0,157605910591.0,63117330.0,59493298506.0,121035.0,,
burrata,clang,0,1,hyper,112,q1 hyper,428.98,276617.16,98020.0,68.0,356058.0,804351369323.0,1067263481342.0,,62745924.0,379426570426.0,1070166473.0,,,267839111187.0,35128371.0,380522425129.0,72359915.0,160789034465.0,179290.0,,
burrata,clang,0,1,vectorwise,112,q1 vectorwise,189.2,123421.08,303164.0,687.0,378381.0,347182152517.0,526038253436.0,,99913689.0,210203206682.0,2109471312.0,,,137911139615.0,30337887.0,232627073928.0,67428056.0,102501498306.0,253693.0,,
burrata,gcc,0,1,hyper,112,q1 hyper,151.415,93738.26,121595.0,81.0,356084.0,261496617570.0,385920875728.0,,70645597.0,157767668563.0,891413657.0,,,101507251953.0,19014948.0,162142463749.0,63895070.0,69982462357.0,205779.0,,
burrata,gcc,0,1,vectorwise,112,q1 vectorwise,190.153,128193.12,324777.0,717.0,378818.0,359276240523.0,644087423027.0,,89114397.0,233426165519.0,1941556735.0,,,173454177677.0,27223960.0,253647364847.0,66667153.0,135105619950.0,228812.0,,
burrata,clang,0,1,hyper,120,q1 hyper,401.985,279376.03,254351.0,67.0,356629.0,814712238608.0,1089644680933.0,,64605794.0,382804658538.0,1077485653.0,,,270692199921.0,38676697.0,380614880705.0,71882961.0,164159048615.0,177405.0,,
burrata,clang,0,1,vectorwise,120,q1 vectorwise,187.479,139224.91,302092.0,759.0,380255.0,393731767431.0,641812578560.0,,98388820.0,228078203827.0,2115162436.0,,,167903359860.0,30783453.0,253613683780.0,67468904.0,120524247834.0,304205.0,,
burrata,gcc,0,1,hyper,120,q1 hyper,157.33,104583.2,244672.0,111.0,356574.0,289918090796.0,433323029996.0,,69760559.0,166245148242.0,882548140.0,,,119938515593.0,23834336.0,168970480100.0,64470900.0,81785080432.0,222548.0,,
burrata,gcc,0,1,vectorwise,120,q1 vectorwise,232.559,142976.09,325028.0,757.0,379920.0,397753180225.0,734161997118.0,,88908282.0,245999679209.0,1920131698.0,,,204708466378.0,30579315.0,267612328689.0,67954066.0,165407984660.0,291213.0,,
burrata,gcc,0,1,vectorwise,128,q1 vectorwise,187.648,147031.35,151477.0,819.0,382134.0,409346686745.0,677619861853.0,,89148496.0,240489281471.0,2046341370.0,,,184547243367.0,30220302.0,264680629959.0,69961567.0,142505099499.0,281608.0,,
burrata,gcc,0,1,hyper,128,q1 hyper,159.064,113381.69,266308.0,81.0,357798.0,314190970952.0,404631910645.0,,85042424.0,161848552684.0,893735390.0,,,108650646423.0,25050036.0,167549641566.0,65349740.0,77688567644.0,234039.0,,
burrata,clang,0,1,vectorwise,128,q1 vectorwise,202.522,164262.79,243825.0,815.0,381502.0,461614231309.0,806311848880.0,,96945177.0,253373195112.0,2150074280.0,,,210001801836.0,33367633.0,283964518753.0,69485595.0,151258136244.0,297278.0,,
burrata,clang,0,1,hyper,128,q1 hyper,401.047,284036.95,119753.0,80.0,357740.0,825284945857.0,1112030781975.0,,67299495.0,386692672952.0,1079830379.0,,,278690819195.0,39115078.0,387236503835.0,73903515.0,168859183825.0,214254.0,,
burrata,gcc,0,3,vectorwise,1,q3 vectorwise,11160.515,68144.46,6902.0,1.0,785205.0,204081271317.0,185980015983.0,,400192181.0,58382102304.0,1973058768.0,,,57416737212.0,9821876.0,67577607370.0,1402209763.0,53432552061.0,11459.0,,
burrata,gcc,0,3,hyper,1,q3 hyper,16125.307,97945.85,10129.0,4.0,781893.0,293355733618.0,127155734928.0,,1424420043.0,51271836922.0,1503485949.0,,,60227837409.0,11804137.0,63173000721.0,1212790282.0,54085143384.0,8283.0,,
burrata,clang,0,3,vectorwise,1,q3 vectorwise,11174.688,68277.75,7037.0,0.0,786485.0,204471251103.0,164255359318.0,,387975545.0,60702105956.0,2000142952.0,,,50865354552.0,15851382.0,71123942635.0,1401687558.0,36219176075.0,17039.0,,
burrata,clang,0,3,hyper,1,,,,,,,,,,,,,,,,,,,,,,
burrata,clang,0,3,hyper,16,q3 hyper,2125.959,201426.74,25083.0,3.0,773362.0,600417125416.0,432973330505.0,,1293158247.0,131295695312.0,1572257845.0,,,135949278466.0,21722902.0,139818353828.0,1233239821.0,94138189938.0,44138.0,,
burrata,clang,0,3,vectorwise,16,q3 vectorwise,874.562,78370.66,10979.0,88.0,802840.0,231721195370.0,168348942716.0,,399356731.0,61122039629.0,2000946970.0,,,52075434728.0,17746121.0,72185865632.0,1334080588.0,37780760124.0,81795.0,,
burrata,gcc,0,3,hyper,16,q3 hyper,1125.627,105831.01,15784.0,6.0,773325.0,314036106525.0,128332955077.0,,1425755985.0,52099201411.0,1538456958.0,,,60216753998.0,14076973.0,64392755601.0,1219721146.0,53989163032.0,55359.0,,
burrata,gcc,0,3,vectorwise,16,q3 vectorwise,820.478,77342.31,11010.0,84.0,803149.0,228696994982.0,189148831249.0,,413772518.0,58913782328.0,1969787220.0,,,58702257657.0,14374418.0,68251803580.0,1339998389.0,54339332963.0,50538.0,,
burrata,clang,0,3,hyper,32,q3 hyper,1126.734,208466.12,29029.0,5.0,773805.0,615930815488.0,432330330591.0,,1294388958.0,131278291691.0,1575494991.0,,,136520401111.0,26153525.0,140789912187.0,1237043567.0,94320630563.0,82890.0,,
burrata,clang,0,3,vectorwise,32,q3 vectorwise,486.926,87917.0,18018.0,186.0,799780.0,258011194356.0,170547589227.0,,394645328.0,62152369694.0,2056331558.0,,,54813932913.0,22948975.0,74460270305.0,1280945208.0,39667617789.0,75478.0,,
burrata,gcc,0,3,hyper,32,q3 hyper,652.299,117323.75,81909.0,13.0,775430.0,341910927881.0,128470145557.0,,1435633903.0,52151477439.0,1547892916.0,,,61424852995.0,25652580.0,65210674383.0,1238426843.0,55005969149.0,100285.0,,
burrata,gcc,0,3,vectorwise,32,q3 vectorwise,523.332,88726.23,21702.0,178.0,796349.0,258663574799.0,207869896454.0,,414676239.0,61566534690.0,1956354964.0,,,64196600429.0,20676729.0,72068970209.0,1338164576.0,61256017837.0,147596.0,,
burrata,clang,0,3,hyper,48,q3 hyper,816.724,219168.79,114502.0,28.0,786984.0,636534495283.0,441689465895.0,,1303099538.0,132953972561.0,1592457106.0,,,138273687650.0,39271334.0,142913177775.0,1243956451.0,97747231249.0,160724.0,,
burrata,clang,0,3,vectorwise,48,q3 vectorwise,380.904,100378.74,34493.0,289.0,805187.0,285609226553.0,180747214768.0,,411710091.0,62686054068.0,2033271884.0,,,55162873936.0,28164351.0,75696731459.0,1343079534.0,40174001526.0,227630.0,,
burrata,gcc,0,3,hyper,48,q3 hyper,494.214,129563.95,46208.0,29.0,782093.0,372071458685.0,131605985398.0,,1422858776.0,53886840976.0,1557723693.0,,,64223429486.0,23215107.0,69398737480.0,1268051777.0,57880625783.0,160989.0,,
burrata,gcc,0,3,vectorwise,48,q3 vectorwise,377.033,100530.02,67401.0,283.0,805618.0,286601799768.0,198354854582.0,,432371645.0,60172078330.0,1994666505.0,,,62298883086.0,26721007.0,72455313617.0,1342667008.0,59418543731.0,181747.0,,
burrata,clang,0,3,hyper,64,q3 hyper,644.77,230685.78,57744.0,29.0,780902.0,668638608204.0,446250010371.0,,1298338645.0,133420759685.0,1600118090.0,,,138575034650.0,33727434.0,145658588882.0,1246376926.0,99102417886.0,189046.0,,
burrata,clang,0,3,vectorwise,64,q3 vectorwise,346.985,123295.84,61346.0,397.0,813758.0,344970601964.0,250061450693.0,,416557860.0,73370861609.0,2025513168.0,,,72092976962.0,37073077.0,89681008894.0,1339736637.0,53072829394.0,322374.0,,
burrata,gcc,0,3,hyper,64,q3 hyper,406.466,140510.04,48872.0,47.0,780689.0,402157126405.0,132990677131.0,,1441162762.0,53490764374.0,1585088264.0,,,62659915172.0,27592242.0,71586749746.0,1245787236.0,57328626009.0,189809.0,,
burrata,gcc,0,3,vectorwise,64,q3 vectorwise,344.366,118642.45,73770.0,392.0,813953.0,328457053307.0,209041349539.0,,436602199.0,61775635093.0,1976119321.0,,,64461366931.0,34688550.0,77003157191.0,1362753597.0,62004535765.0,283258.0,,
burrata,clang,0,3,vectorwise,80,q3 vectorwise,334.445,137339.2,180589.0,481.0,821373.0,375040730771.0,216259361257.0,,423489184.0,67768721341.0,2042492361.0,,,64390820711.0,46647597.0,86628647061.0,1364387503.0,48963185020.0,436653.0,,
burrata,clang,0,3,hyper,80,q3 hyper,592.273,245148.97,112412.0,82.0,785184.0,695925382036.0,465789790173.0,,1299632692.0,136990187820.0,1612946072.0,,,144605723637.0,40980057.0,149922758699.0,1238588160.0,103220424820.0,239910.0,,
burrata,gcc,0,3,vectorwise,80,q3 vectorwise,367.357,138451.37,142055.0,483.0,820625.0,379138872665.0,245644086841.0,,435185641.0,68196679133.0,2000519951.0,,,78947942364.0,41167440.0,85075580884.0,1364654543.0,73753089638.0,362723.0,,
burrata,gcc,0,3,hyper,80,q3 hyper,384.652,156914.29,111926.0,75.0,785332.0,435199036595.0,148277893404.0,,1471322605.0,57160041526.0,1606763777.0,,,67747134096.0,33199749.0,77296887645.0,1269793356.0,63257586298.0,233704.0,,
burrata,gcc,0,3,vectorwise,88,q3 vectorwise,325.126,149278.6,364559.0,535.0,824266.0,401713983256.0,263361241438.0,,441532622.0,71069574466.0,1988090244.0,,,84365533797.0,49897559.0,89353654117.0,1371085379.0,80433721918.0,398620.0,,
burrata,gcc,0,3,hyper,88,q3 hyper,417.826,168734.42,101138.0,136.0,792683.0,463233573885.0,148455667059.0,,1442357127.0,58259995337.0,1638716081.0,,,71340994103.0,38991060.0,80327641786.0,1286781325.0,65256956179.0,297958.0,,
burrata,clang,0,3,hyper,96,q3 hyper,518.704,260139.69,105456.0,101.0,790259.0,730001735121.0,465699716718.0,,1287079635.0,136298681879.0,1626063915.0,,,144139616826.0,45791513.0,152444700259.0,1260178814.0,103870613038.0,259604.0,,
burrata,clang,0,3,vectorwise,96,q3 vectorwise,313.406,156236.5,243536.0,596.0,826932.0,417450634722.0,224215479126.0,,415432953.0,69218427379.0,2015711145.0,,,67767952060.0,47923025.0,89857475960.0,1340429061.0,49669976150.0,452232.0,,
burrata,gcc,0,3,hyper,96,q3 hyper,371.227,178513.49,142619.0,151.0,791718.0,489946461795.0,182936622577.0,,1435497693.0,62940973504.0,1596227003.0,,,78915916787.0,40047382.0,84130390506.0,1245573636.0,71519370531.0,310180.0,,
burrata,gcc,0,3,vectorwise,96,q3 vectorwise,307.393,152571.62,123444.0,587.0,827148.0,408354449969.0,204747112992.0,,422415897.0,60125827855.0,1958145269.0,,,65751016507.0,41479076.0,82270858713.0,1359246698.0,64923796009.0,441556.0,,
burrata,clang,0,3,vectorwise,104,q3 vectorwise,321.477,166314.68,269501.0,633.0,831329.0,443950242541.0,235845918347.0,,430548949.0,70648159157.0,2028193286.0,,,70139978764.0,48904147.0,91588737442.0,1357802742.0,51422185011.0,495604.0,,
burrata,clang,0,3,hyper,104,q3 hyper,538.96,267734.6,89482.0,125.0,793463.0,745177385464.0,467884155265.0,,1305460463.0,137251306947.0,1662898973.0,,,143051581453.0,49397414.0,153370665356.0,1249763253.0,104343640448.0,327683.0,,
burrata,gcc,0,3,vectorwise,104,q3 vectorwise,360.814,167408.43,205874.0,642.0,831517.0,447730247576.0,239281370830.0,,441260297.0,66741020780.0,1992512667.0,,,75174306079.0,48954846.0,87090821001.0,1362285099.0,72124421930.0,447173.0,,
burrata,gcc,0,3,hyper,104,q3 hyper,368.365,187577.02,90083.0,130.0,794227.0,510161556879.0,158137494991.0,,1422233780.0,58364763046.0,1624724395.0,,,70202095263.0,41584187.0,83307966287.0,1285939646.0,67443266785.0,360309.0,,
burrata,clang,0,3,hyper,112,q3 hyper,471.583,277421.66,245720.0,138.0,798863.0,768197593651.0,482933914431.0,,1297118562.0,140273886330.0,1638230204.0,,,152160341522.0,53578698.0,158888444051.0,1243452025.0,107898825889.0,352157.0,,
burrata,clang,0,3,vectorwise,112,q3 vectorwise,325.786,179923.43,264482.0,676.0,833841.0,474127791929.0,253287367454.0,,424702768.0,72555975938.0,2039060178.0,,,73405508058.0,57728854.0,96005483787.0,1376663542.0,57269006187.0,573993.0,,
burrata,gcc,0,3,hyper,112,q3 hyper,345.548,191491.55,193058.0,156.0,799399.0,518470067474.0,166406736903.0,,1429516625.0,60400450172.0,1599731386.0,,,74212640958.0,46020342.0,83705317372.0,1251666880.0,65227105274.0,346108.0,,
burrata,gcc,0,3,vectorwise,112,q3 vectorwise,308.986,180401.17,231803.0,686.0,834476.0,478446719038.0,259981709280.0,,431933811.0,70252537703.0,1997384960.0,,,83356432934.0,51688654.0,92297866826.0,1369152836.0,79763435204.0,399059.0,,
burrata,clang,0,3,vectorwise,120,q3 vectorwise,368.752,192735.93,258920.0,745.0,838276.0,509207239341.0,263809262228.0,,427543608.0,76393670383.0,2077479935.0,,,79941776216.0,58485232.0,100615504457.0,1370173065.0,61970311923.0,592888.0,,
burrata,clang,0,3,hyper,120,q3 hyper,450.103,282049.32,175715.0,98.0,798078.0,782889705133.0,467678819120.0,,1306635461.0,135769094331.0,1680136838.0,,,144298106298.0,53847979.0,157323718156.0,1271367105.0,103918501511.0,387117.0,,
burrata,gcc,0,3,vectorwise,120,q3 vectorwise,318.036,191400.4,225353.0,744.0,838507.0,507447847375.0,261664353743.0,,440770886.0,70001680437.0,1975359295.0,,,81627517792.0,56492317.0,93234084533.0,1379723553.0,79102764632.0,514312.0,,
burrata,gcc,0,3,hyper,120,q3 hyper,334.706,203992.36,141859.0,177.0,798172.0,551720833905.0,170521137809.0,,1428851023.0,61100939557.0,1605561697.0,,,79162082334.0,48684936.0,91149412641.0,1239300052.0,70733843437.0,390597.0,,
burrata,gcc,0,3,hyper,128,q3 hyper,380.368,248220.53,184708.0,198.0,801698.0,679822602309.0,203244304775.0,,1419009783.0,67726549062.0,1695396916.0,,,89927438109.0,56772009.0,107615023476.0,1283429708.0,80059478702.0,419916.0,,
burrata,gcc,0,3,vectorwise,128,q3 vectorwise,346.597,234039.79,270608.0,785.0,825821.0,619746995866.0,314952645490.0,,451570359.0,79869988225.0,2062332241.0,,,101444384138.0,66834305.0,114166368430.0,1398268559.0,97043599535.0,565768.0,,
burrata,clang,0,3,hyper,128,q3 hyper,483.644,321439.81,318766.0,197.0,796279.0,897937164861.0,507277479626.0,,1312438692.0,143204348515.0,1711484459.0,,,154685001694.0,65730858.0,177775360182.0,1270841664.0,113161389385.0,402738.0,,
burrata,clang,0,3,vectorwise,128,q3 vectorwise,346.452,230287.28,197679.0,794.0,825547.0,605952552807.0,285565238341.0,,431574081.0,79867294983.0,2162972101.0,,,85361740215.0,67026809.0,115841538214.0,1376638110.0,62780834132.0,689589.0,,
burrata,gcc,0,5,vectorwise,1,q5 vectorwise,12963.462,78757.23,8015.0,1.0,492763.0,235812276345.0,148779880760.0,,422370080.0,37093833932.0,1764828002.0,,,49208465213.0,9482753.0,46298322150.0,1546366638.0,43540374652.0,10571.0,,
burrata,gcc,0,5,hyper,1,q5 hyper,16483.161,100055.57,10730.0,1.0,489165.0,299596860324.0,131887378379.0,,418543144.0,36088464566.0,1572158590.0,,,44766677095.0,10855397.0,47715606426.0,1317592182.0,35943830190.0,18669.0,,
burrata,clang,0,5,vectorwise,16,q5 vectorwise,886.651,85029.46,11648.0,86.0,503709.0,251501575327.0,136489826650.0,,435379357.0,45708410729.0,1784114099.0,,,44707503751.0,13763957.0,57315607384.0,1457811186.0,32222380041.0,55114.0,,
burrata,clang,0,5,hyper,16,q5 hyper,2564.844,245501.19,27016.0,4.0,490644.0,732471927668.0,637284268026.0,,402593261.0,168863670109.0,1623810149.0,,,171202947022.0,24091123.0,181104201645.0,1348627692.0,101792486870.0,69029.0,,
burrata,gcc,0,5,vectorwise,16,q5 vectorwise,882.551,84643.69,10484.0,88.0,507324.0,251111969055.0,152641213759.0,,429537890.0,37973418982.0,1789055124.0,,,50591355241.0,12389533.0,47704904274.0,1466039849.0,45539433095.0,53871.0,,
burrata,gcc,0,5,hyper,16,q5 hyper,1142.97,106566.37,13313.0,3.0,484509.0,315458604679.0,132428102717.0,,416736464.0,36256894716.0,1598096210.0,,,45085729226.0,12865545.0,47985525811.0,1360807029.0,36863951415.0,61376.0,,
burrata,clang,0,5,vectorwise,32,q5 vectorwise,490.761,91336.08,19828.0,187.0,511977.0,266158667077.0,142967775209.0,,440957389.0,46550242253.0,1792680581.0,,,46707749454.0,17076196.0,59531732718.0,1459076738.0,34657409805.0,91157.0,,
burrata,clang,0,5,hyper,32,q5 hyper,1313.207,249585.57,30214.0,9.0,489341.0,738221931933.0,633464360979.0,,400056229.0,169286729168.0,1633272288.0,,,171754067308.0,26433133.0,182068743370.0,1372051858.0,102005286576.0,102492.0,,
burrata,gcc,0,5,vectorwise,32,q5 vectorwise,489.692,91157.48,14422.0,188.0,512025.0,266614272006.0,160602123485.0,,437661156.0,39177248192.0,1796785627.0,,,53190889574.0,15780106.0,49232349857.0,1456485433.0,47917286639.0,101040.0,,
burrata,gcc,0,5,hyper,32,q5 hyper,592.897,111447.69,31668.0,19.0,486768.0,326536433400.0,133341425079.0,,427791965.0,36813862155.0,1609413080.0,,,46087369206.0,14678558.0,49493459574.0,1377931063.0,37233959114.0,108967.0,,
burrata,clang,0,5,hyper,48,q5 hyper,888.53,251845.02,49509.0,39.0,492230.0,741248822155.0,645073677797.0,,406534920.0,170455139609.0,1629921256.0,,,172896560540.0,29830139.0,183242257130.0,1365411511.0,104925906057.0,157553.0,,
burrata,clang,0,5,vectorwise,48,q5 vectorwise,354.25,98579.7,21634.0,280.0,509649.0,283142067175.0,158657323756.0,,446920937.0,48943970789.0,1812473382.0,,,49760248979.0,20299401.0,61911453210.0,1460145409.0,37081977069.0,176346.0,,
burrata,gcc,0,5,hyper,48,q5 hyper,421.705,116592.06,22072.0,7.0,490605.0,337598734225.0,133113715484.0,,426249420.0,37021318212.0,1617771938.0,,,45600266868.0,18050659.0,48640987929.0,1362107913.0,36535460228.0,157962.0,,
burrata,gcc,0,5,vectorwise,48,q5 vectorwise,355.687,98741.3,49991.0,290.0,509801.0,282943072249.0,175489700862.0,,445128247.0,41631567033.0,1791747262.0,,,57012497686.0,19156053.0,51981035710.0,1468828810.0,52227015348.0,138205.0,,
burrata,clang,0,5,vectorwise,64,q5 vectorwise,298.503,108252.72,82629.0,383.0,521720.0,302380631070.0,169659577644.0,,448119844.0,50968552699.0,1792962384.0,,,54674153496.0,27428000.0,66225810407.0,1442271539.0,42043835432.0,173807.0,,
burrata,clang,0,5,hyper,64,q5 hyper,689.031,255745.67,147198.0,22.0,495427.0,747555801049.0,656793210846.0,,411199886.0,171653746289.0,1638778516.0,,,175831272317.0,41365852.0,185461440370.0,1384642154.0,109471138706.0,203988.0,,
burrata,gcc,0,5,vectorwise,64,q5 vectorwise,292.845,108163.45,206582.0,391.0,518239.0,300369407343.0,184255664643.0,,443382530.0,43858726223.0,1795323017.0,,,61643920546.0,24315065.0,55486966045.0,1456899401.0,55635343001.0,204851.0,,
burrata,gcc,0,5,hyper,64,q5 hyper,329.717,120610.26,24412.0,34.0,498461.0,343622234624.0,141051759388.0,,430144602.0,37505269541.0,1630602235.0,,,47214778437.0,20986788.0,51942359919.0,1361420293.0,41105171822.0,185384.0,,
burrata,clang,0,5,vectorwise,80,q5 vectorwise,248.467,114033.24,127422.0,485.0,520624.0,313751705669.0,190126048412.0,,447055609.0,54104333022.0,1810782378.0,,,59320499091.0,28559025.0,67922001055.0,1442708048.0,44150434254.0,248000.0,,
burrata,clang,0,5,hyper,80,q5 hyper,562.178,260064.53,314914.0,84.0,499738.0,751623838379.0,662297949923.0,,406572255.0,173718775335.0,1656760203.0,,,179949730495.0,44999592.0,188055540712.0,1374845262.0,108875669504.0,267482.0,,
burrata,gcc,0,5,vectorwise,80,q5 vectorwise,252.002,116600.68,78605.0,483.0,520817.0,319708092037.0,230193799638.0,,452022823.0,50697780692.0,1803178430.0,,,74731475664.0,26418885.0,62274616659.0,1448032754.0,69726944859.0,249774.0,,
burrata,gcc,0,5,hyper,80,q5 hyper,291.035,129147.78,192719.0,42.0,498694.0,355365416255.0,156300479585.0,,422407879.0,40944306623.0,1611295165.0,,,53156641417.0,29479717.0,65102493955.0,1358232868.0,44869406006.0,260349.0,,
burrata,clang,0,5,vectorwise,96,q5 vectorwise,304.416,141052.7,135667.0,581.0,523215.0,379318398465.0,389382520476.0,,450010113.0,83592456819.0,1827944761.0,,,114877305310.0,37249042.0,98063872681.0,1459466139.0,97249528893.0,330496.0,,
burrata,clang,0,5,hyper,96,q5 hyper,488.712,265959.4,99290.0,122.0,493673.0,761775776550.0,673540488607.0,,407655682.0,174211023780.0,1663336273.0,,,179952180274.0,44751314.0,189879814927.0,1372778862.0,114466050109.0,304854.0,,
burrata,gcc,0,5,vectorwise,96,q5 vectorwise,222.704,122052.25,454422.0,600.0,523045.0,329102250046.0,206436568449.0,,442079910.0,47598200994.0,1772733500.0,,,68391094919.0,34667977.0,60672537621.0,1456704899.0,62319110299.0,280495.0,,
burrata,gcc,0,5,hyper,96,q5 hyper,259.173,133109.9,179171.0,130.0,497348.0,365717496705.0,171816328440.0,,439535791.0,43404509518.0,1632996645.0,,,55476005870.0,33588740.0,58463043685.0,1368734932.0,47660911175.0,306780.0,,
burrata,clang,0,5,hyper,104,q5 hyper,445.533,267844.03,115862.0,72.0,505637.0,766691043041.0,678452622121.0,,406277596.0,175015848161.0,1656912768.0,,,180981855077.0,43874850.0,190182243604.0,1371742611.0,112779327862.0,358598.0,,
burrata,clang,0,5,vectorwise,104,q5 vectorwise,215.51,129091.33,220535.0,649.0,528218.0,347999306562.0,229032059957.0,,454945845.0,60541370368.0,1851209103.0,,,69797640207.0,31225397.0,75685455080.0,1467383912.0,54881361341.0,299292.0,,
burrata,gcc,0,5,hyper,104,q5 hyper,240.808,135142.29,81774.0,135.0,495697.0,366891345326.0,166505173022.0,,428520852.0,42260555102.0,1629257057.0,,,54757924962.0,32502886.0,58152829124.0,1373179282.0,48488115115.0,316994.0,,
burrata,gcc,0,5,vectorwise,104,q5 vectorwise,224.052,130195.39,224589.0,645.0,527637.0,351000427759.0,233004758330.0,,460839649.0,52544238282.0,1841409361.0,,,77860428223.0,35181400.0,65274217483.0,1499009151.0,71923588703.0,268021.0,,
burrata,clang,0,5,vectorwise,112,q5 vectorwise,205.137,130062.3,275302.0,678.0,526428.0,347421936491.0,203774313069.0,,456840443.0,56614392047.0,1837034640.0,,,62968818447.0,38753633.0,72397380887.0,1439649471.0,48764740518.0,356573.0,,
burrata,clang,0,5,hyper,112,q5 hyper,417.901,267537.23,291159.0,200.0,500034.0,760163032220.0,681321268178.0,,399111639.0,175006566736.0,1660376271.0,,,182242094678.0,51184436.0,190859101838.0,1363201158.0,114739809436.0,398855.0,,
burrata,gcc,0,5,vectorwise,112,q5 vectorwise,216.237,135129.52,257107.0,683.0,526430.0,359678221172.0,248447993644.0,,453511442.0,54670485617.0,1807694208.0,,,82229333431.0,36887423.0,68168840221.0,1450519661.0,76745058583.0,330400.0,,
burrata,gcc,0,5,hyper,112,q5 hyper,223.586,139875.7,245281.0,135.0,505428.0,378619315618.0,184206182603.0,,419211230.0,45838979386.0,1622008706.0,,,62680452121.0,38331711.0,71833405194.0,1348768466.0,52992948713.0,424166.0,,
burrata,clang,0,5,hyper,120,q5 hyper,388.992,268729.53,467403.0,170.0,510516.0,766940815279.0,676377516802.0,,411705648.0,175434392532.0,1669962068.0,,,180425781693.0,51186627.0,191362097407.0,1380238942.0,114674867415.0,371087.0,,
burrata,clang,0,5,vectorwise,120,q5 vectorwise,221.329,149919.8,222619.0,731.0,527781.0,399956135955.0,386453813845.0,,447470316.0,84416836568.0,1795607877.0,,,114075386774.0,39885340.0,99295262440.0,1426056589.0,91802139754.0,400865.0,,
burrata,gcc,0,5,hyper,120,q5 hyper,207.005,137931.85,313320.0,82.0,509478.0,378002049622.0,170620755843.0,,445684740.0,43923431419.0,1641855327.0,,,55700068409.0,35348018.0,60332580819.0,1363581447.0,47738071522.0,370404.0,,
burrata,gcc,0,5,vectorwise,120,q5 vectorwise,200.126,148269.23,279028.0,745.0,528246.0,400595853956.0,356870797861.0,,445072516.0,72572183833.0,1770037390.0,,,119091740605.0,37746402.0,84741168936.0,1441552155.0,110519744404.0,337847.0,,
burrata,gcc,0,5,vectorwise,128,q5 vectorwise,199.605,153600.56,543923.0,786.0,529943.0,411705979013.0,369251952363.0,,447341770.0,75451734894.0,1778735737.0,,,122623782192.0,40917038.0,87927638981.0,1444636546.0,113607668079.0,338032.0,,
burrata,gcc,0,5,hyper,128,q5 hyper,263.741,154595.66,303400.0,221.0,511543.0,417917212172.0,299966401084.0,,439648079.0,65100423576.0,1662336737.0,,,98410189255.0,42385328.0,82402578777.0,1379322838.0,92701750410.0,422649.0,,
burrata,clang,0,5,vectorwise,128,q5 vectorwise,202.326,148918.98,157241.0,786.0,529925.0,393392032946.0,344537941434.0,,448619244.0,76590800659.0,1819236168.0,,,103687034305.0,40907929.0,93812598253.0,1413601469.0,83254831665.0,421681.0,,
burrata,clang,0,5,hyper,128,q5 hyper,375.524,272870.54,210630.0,98.0,502628.0,767764181590.0,675380523423.0,,398183471.0,174566110682.0,1663237704.0,,,179315096393.0,51322035.0,190911629790.0,1381633858.0,111473920815.0,462084.0,,
burrata,gcc,0,6,vectorwise,1,q6 vectorwise,1782.254,11783.52,1383.0,0.0,256712.0,35257255862.0,58621778299.0,,23386840.0,16928787340.0,419856435.0,,,15404316789.0,2898961.0,18130968212.0,39516279.0,14357924934.0,5852.0,,
burrata,gcc,0,6,hyper,1,q6 hyper,1913.271,12577.54,1497.0,2.0,256795.0,37636317999.0,66605729246.0,,68739150.0,12843273277.0,160606058.0,,,18913482391.0,3167460.0,13601353830.0,35117484.0,13625480780.0,8475.0,,
burrata,clang,0,6,hyper,16,q6 hyper,122.04,12983.97,1733.0,5.0,256874.0,38525823478.0,53050955295.0,,69260164.0,13006890864.0,162952920.0,,,14738872393.0,2736196.0,13580500194.0,36460690.0,10064119701.0,5828.0,,
burrata,clang,0,6,vectorwise,16,q6 vectorwise,132.018,14506.87,2554.0,86.0,267230.0,40459412750.0,50368504985.0,,33215096.0,13634790183.0,429122357.0,,,13371979697.0,4575938.0,14833920866.0,36652958.0,8274249850.0,8478.0,,
burrata,gcc,0,6,hyper,16,q6 hyper,133.393,14100.39,1650.0,3.0,256871.0,41773749678.0,66933361973.0,,69511778.0,12943987694.0,163265872.0,,,18694253950.0,2542192.0,13436340993.0,36392967.0,13588211098.0,6420.0,,
burrata,gcc,0,6,vectorwise,16,q6 vectorwise,125.404,13899.5,2514.0,86.0,267360.0,39735617970.0,58241416708.0,,25338635.0,16878379138.0,421087006.0,,,15334144701.0,2962114.0,17951657068.0,36968503.0,14330043292.0,18146.0,,
burrata,clang,0,6,vectorwise,32,q6 vectorwise,77.917,22485.64,6307.0,241.0,274580.0,60880115352.0,66629317931.0,,45372942.0,17994888240.0,569751248.0,,,17000163377.0,6619319.0,18721728818.0,46760805.0,10617397186.0,51428.0,,
burrata,clang,0,6,hyper,32,q6 hyper,79.739,24296.25,3770.0,8.0,257161.0,72245427822.0,77185214763.0,,105993114.0,18758988601.0,230943893.0,,,21531159674.0,3975111.0,19696001777.0,50293422.0,14426001836.0,7754.0,,
burrata,gcc,0,6,vectorwise,32,q6 vectorwise,78.885,22840.0,11026.0,243.0,275228.0,61665461342.0,76177898775.0,,33561613.0,22062337928.0,553087341.0,,,19954723853.0,5841187.0,23564504750.0,46592712.0,18662376603.0,46332.0,,
burrata,gcc,0,6,hyper,32,q6 hyper,82.094,25410.15,137978.0,17.0,257111.0,74835556999.0,99924436958.0,,105306592.0,19071521423.0,228845015.0,,,28523216959.0,4903505.0,20241381236.0,50253445.0,20731364586.0,11892.0,,
burrata,clang,0,6,vectorwise,48,q6 vectorwise,65.47,34344.92,18208.0,468.0,279845.0,90551107327.0,82515571080.0,,56759613.0,22338078801.0,716135061.0,,,21455675097.0,9245036.0,23772431363.0,54729906.0,13168592217.0,85057.0,,
burrata,clang,0,6,hyper,48,q6 hyper,70.946,35268.18,17933.0,14.0,257346.0,104100227403.0,85893362335.0,,118965058.0,20922548342.0,262001464.0,,,24259808679.0,5588781.0,22290160761.0,55886157.0,16353576180.0,18767.0,,
burrata,gcc,0,6,vectorwise,48,q6 vectorwise,68.181,35147.75,13161.0,479.0,279263.0,93581202538.0,94722150585.0,,41505384.0,27062636792.0,690984996.0,,,24559609908.0,8654096.0,29568890590.0,55175661.0,23459039609.0,82404.0,,
burrata,gcc,0,6,hyper,48,q6 hyper,71.734,32108.11,36617.0,27.0,257417.0,94763394650.0,99990157404.0,,106651665.0,18919785827.0,234143896.0,,,28439769940.0,6902931.0,20210962841.0,51273681.0,20393987119.0,22226.0,,
burrata,clang,0,6,hyper,64,q6 hyper,69.382,45330.48,24194.0,17.0,257491.0,133155426558.0,85973413685.0,,119020528.0,21003251390.0,275262109.0,,,24353465918.0,8540586.0,22897736798.0,57142889.0,16308387356.0,24909.0,,
burrata,clang,0,6,vectorwise,64,q6 vectorwise,61.491,45870.05,62419.0,697.0,279467.0,122666710640.0,90981539933.0,,62898998.0,24735052464.0,795673927.0,,,24066085554.0,13174820.0,26686229481.0,61646896.0,14484880075.0,169213.0,,
burrata,gcc,0,6,hyper,64,q6 hyper,69.768,45296.35,37941.0,22.0,257661.0,132445804554.0,109081392161.0,,117534502.0,20703525196.0,264371177.0,,,31217197028.0,8663958.0,22397492813.0,56769536.0,22369295991.0,24604.0,,
burrata,gcc,0,6,vectorwise,64,q6 vectorwise,65.074,44386.61,51278.0,632.0,279800.0,116786671714.0,95973208865.0,,42674307.0,27882388266.0,719591927.0,,,25629230163.0,10012662.0,30832831867.0,56019609.0,24074056789.0,74666.0,,
burrata,clang,0,6,vectorwise,80,q6 vectorwise,60.806,55542.82,55020.0,894.0,280695.0,145524304531.0,91168680991.0,,63900941.0,24888124425.0,813931789.0,,,24273839315.0,14446841.0,27318271272.0,61974762.0,14900184863.0,212150.0,,
burrata,clang,0,6,hyper,80,q6 hyper,68.856,55786.62,42647.0,25.0,258192.0,162190319774.0,88037478777.0,,120812345.0,21692443279.0,289653501.0,,,25058298371.0,9828274.0,23582078743.0,58740595.0,16867806675.0,34352.0,,
burrata,gcc,0,6,vectorwise,80,q6 vectorwise,64.897,53889.14,49655.0,803.0,280596.0,143932108728.0,96422964988.0,,43297026.0,28201429839.0,732746327.0,,,25987912239.0,11483529.0,31389961370.0,58583724.0,24021610806.0,162631.0,,
burrata,gcc,0,6,hyper,80,q6 hyper,68.761,55858.03,66298.0,40.0,258050.0,163703240522.0,110961072528.0,,119789983.0,21093057021.0,274974776.0,,,31694050897.0,8931916.0,23302192456.0,56653882.0,22822864941.0,29579.0,,
burrata,clang,0,6,vectorwise,96,q6 vectorwise,61.496,66685.39,85463.0,1057.0,281352.0,178006455576.0,94080261327.0,,65179104.0,25262162299.0,818207685.0,,,24568919937.0,16605762.0,28518320394.0,62776662.0,15641352732.0,252108.0,,
burrata,clang,0,6,hyper,96,q6 hyper,69.172,66329.14,123022.0,35.0,258328.0,193112623154.0,87489241252.0,,121862993.0,21898382430.0,294536407.0,,,25362419010.0,12091926.0,24491034462.0,58900718.0,16647611668.0,29982.0,,
burrata,gcc,0,6,vectorwise,96,q6 vectorwise,65.717,64503.42,95560.0,969.0,280769.0,171037483596.0,99511577924.0,,44482434.0,28500959369.0,741659856.0,,,26291342865.0,12588885.0,32715990714.0,59141635.0,25117407568.0,196901.0,,
burrata,gcc,0,6,hyper,96,q6 hyper,69.027,65267.08,31138.0,35.0,258239.0,189063491476.0,110331310244.0,,120026198.0,21079959223.0,286551807.0,,,31553289658.0,10309104.0,23007404809.0,57304578.0,22310774311.0,24982.0,,
burrata,clang,0,6,vectorwise,104,q6 vectorwise,62.431,73044.82,100027.0,1172.0,282245.0,195600136909.0,100545898242.0,,66390247.0,26537095314.0,834956638.0,,,28378977293.0,19456492.0,31236566387.0,66115615.0,18822910556.0,223976.0,,
burrata,clang,0,6,hyper,104,q6 hyper,69.18,74026.42,313813.0,33.0,258689.0,217431077730.0,92199483239.0,,122978951.0,22678366237.0,298050158.0,,,26287456053.0,14068289.0,25143762614.0,59369043.0,17898931653.0,40293.0,,
burrata,gcc,0,6,vectorwise,104,q6 vectorwise,66.271,70220.58,130285.0,1046.0,281399.0,188802582973.0,98853105527.0,,44824190.0,28654072763.0,739788587.0,,,26453240836.0,14713676.0,32682619108.0,59731017.0,24690728588.0,195225.0,,
burrata,gcc,0,6,hyper,104,q6 hyper,69.701,73541.79,93043.0,33.0,258082.0,214705935958.0,110920058394.0,,120168411.0,21089651703.0,288921970.0,,,31663746039.0,13602867.0,24090222808.0,58605119.0,22855685039.0,64211.0,,
burrata,clang,0,6,vectorwise,112,q6 vectorwise,62.829,71458.28,172994.0,1137.0,281641.0,190802591359.0,88207061303.0,,60992544.0,23780761774.0,760376207.0,,,23284393155.0,19438408.0,26927431273.0,60636371.0,14931198074.0,222097.0,,
burrata,clang,0,6,hyper,112,q6 hyper,70.08,76562.27,85754.0,53.0,259188.0,223751644971.0,88880120889.0,,123298814.0,21662485680.0,304120350.0,,,25072387822.0,14037828.0,24662183241.0,60282946.0,17145764752.0,98499.0,,
burrata,gcc,0,6,vectorwise,112,q6 vectorwise,67.102,75230.37,86658.0,1132.0,282151.0,199755376682.0,98658743751.0,,45268080.0,28761812055.0,749729285.0,,,26587821429.0,16237430.0,33080558315.0,60500353.0,24662915275.0,259509.0,,
burrata,gcc,0,6,hyper,112,q6 hyper,69.803,76420.75,212821.0,42.0,258777.0,223873559463.0,115193611874.0,,122369645.0,22052379763.0,293968656.0,,,32942306080.0,13525878.0,25216299011.0,58097410.0,24047054016.0,56378.0,,
burrata,clang,0,6,hyper,120,q6 hyper,70.457,81157.47,411927.0,45.0,259162.0,238950573622.0,97458370158.0,,125814099.0,24273920806.0,302254765.0,,,27803999203.0,15587420.0,26158913621.0,63031876.0,18722561148.0,88091.0,,
burrata,clang,0,6,vectorwise,120,q6 vectorwise,63.672,80971.39,138338.0,1225.0,282683.0,219757360781.0,132318256804.0,,61177987.0,29017676192.0,755933985.0,,,34710009882.0,20787720.0,33512695941.0,60638506.0,29084553349.0,212899.0,,
burrata,gcc,0,6,hyper,120,q6 hyper,69.964,84522.1,91599.0,38.0,258502.0,249143837997.0,113284068706.0,,121244535.0,21820425865.0,294625121.0,,,32691646081.0,12855777.0,25181945359.0,58996126.0,23355751236.0,99931.0,,
burrata,gcc,0,6,vectorwise,120,q6 vectorwise,68.083,83197.2,120045.0,1230.0,283276.0,221798349492.0,112013556100.0,,45940502.0,31030861999.0,744577681.0,,,31936900249.0,19280020.0,36012776570.0,61982698.0,29243182557.0,250095.0,,
burrata,gcc,0,6,vectorwise,128,q6 vectorwise,69.558,89326.02,105418.0,1303.0,283148.0,239615649076.0,116940630392.0,,46407388.0,31687141284.0,746806809.0,,,32412764386.0,20397406.0,37421483042.0,60641084.0,30833599367.0,235800.0,,
burrata,gcc,0,6,hyper,128,q6 hyper,71.19,85588.99,554137.0,64.0,258626.0,250333758289.0,125389798731.0,,127728527.0,24702641866.0,293726332.0,,,35949607142.0,18497513.0,28200531669.0,61959701.0,27254218087.0,78795.0,,
burrata,clang,0,6,vectorwise,128,q6 vectorwise,73.025,84153.62,108995.0,1200.0,282993.0,224399727878.0,169493393213.0,,55806158.0,36948750991.0,666492563.0,,,60456002777.0,22663528.0,43718923580.0,57157732.0,43208132832.0,250349.0,,
burrata,clang,0,6,hyper,128,q6 hyper,71.516,70770.16,342191.0,48.0,259477.0,206051842012.0,81612862848.0,,102604123.0,20144577680.0,255572279.0,,,23476908295.0,17524802.0,23967442816.0,51711105.0,17036968430.0,115931.0,,
burrata,gcc,0,9,hyper,1,q9 hyper,39059.408,235700.31,23926.0,3.0,1358526.0,706079469376.0,254969937447.0,,1424371309.0,99912531324.0,7860988292.0,,,97508901941.0,27271013.0,140352929150.0,5671591210.0,81764702885.0,23655.0,,
burrata,gcc,0,9,vectorwise,1,q9 vectorwise,30764.604,186675.46,18740.0,0.0,1385880.0,559213428142.0,331632649493.0,,2087947148.0,102086231410.0,8714198794.0,,,133170996005.0,26079274.0,139101627536.0,6412436545.0,122000442746.0,15002.0,,
burrata,clang,0,9,vectorwise,16,q9 vectorwise,2422.875,223891.0,24701.0,85.0,1394482.0,667392451563.0,303384011799.0,,1828922526.0,119306102293.0,8835816960.0,,,123779842730.0,36226979.0,172654572652.0,6057880736.0,96258755723.0,51852.0,,
burrata,clang,0,9,hyper,16,q9 hyper,9023.548,860519.86,89701.0,11.0,1347672.0,2571565718751.0,1449842808042.0,,1396794922.0,399830552760.0,8030505587.0,,,396951443215.0,72462150.0,422524020894.0,5744736286.0,237796215245.0,108636.0,,
burrata,gcc,0,9,vectorwise,16,q9 vectorwise,2341.053,218721.08,24406.0,91.0,1395260.0,651611546974.0,339657771869.0,,2136242022.0,103144839183.0,8753363929.0,,,135554298354.0,30006640.0,142280713364.0,6089682768.0,126260693322.0,69525.0,,
burrata,gcc,0,9,hyper,16,q9 hyper,2883.522,270320.83,30023.0,6.0,1348298.0,806607794442.0,256847110524.0,,1444658252.0,100384699769.0,7873626646.0,,,97197217058.0,31331680.0,143623895591.0,5726666152.0,83122831208.0,74007.0,,
burrata,clang,0,9,hyper,32,q9 hyper,4571.283,863598.01,285955.0,14.0,1351803.0,2573556955999.0,1457147011825.0,,1445665023.0,403498452848.0,8034385855.0,,,397948294596.0,100311623.0,420594366741.0,5672010868.0,237764871286.0,175342.0,,
burrata,clang,0,9,vectorwise,32,q9 vectorwise,1399.076,250519.33,38568.0,187.0,1400544.0,742056006645.0,311153966756.0,,1867357836.0,121493821382.0,8847652755.0,,,126086253197.0,45407700.0,173827074746.0,6046975216.0,98029812214.0,110760.0,,
burrata,gcc,0,9,hyper,32,q9 hyper,1640.2,296721.69,37524.0,17.0,1348494.0,881056086986.0,257779864177.0,,1484991614.0,104131824741.0,7882644920.0,,,98582552881.0,37208632.0,144094122872.0,5752210536.0,81147934641.0,167208.0,,
burrata,gcc,0,9,vectorwise,32,q9 vectorwise,1335.809,245729.72,31157.0,188.0,1398209.0,729320114428.0,341039945423.0,,2165188712.0,104193634028.0,8787836459.0,,,136823706388.0,36424720.0,144260680411.0,6099849539.0,127373005068.0,118431.0,,
burrata,clang,0,9,vectorwise,48,q9 vectorwise,1091.43,285808.61,116176.0,291.0,1401689.0,840113006206.0,332843358107.0,,1898296829.0,125184891270.0,8835991349.0,,,128647448176.0,51666950.0,176998193629.0,6085324751.0,100737678772.0,200573.0,,
burrata,clang,0,9,hyper,48,q9 hyper,3129.501,862360.9,413948.0,39.0,1355518.0,2557038378697.0,1470108219549.0,,1400574586.0,403491656168.0,8047174234.0,,,402503854285.0,114425460.0,428304030659.0,5768799512.0,243396328468.0,223351.0,,
burrata,gcc,0,9,vectorwise,48,q9 vectorwise,1037.969,280874.32,102102.0,284.0,1402457.0,826245357832.0,364467007841.0,,2245461424.0,109934893273.0,8887303260.0,,,144518155260.0,42124092.0,151974363977.0,6124586195.0,134694155225.0,165972.0,,
burrata,gcc,0,9,hyper,48,q9 hyper,1228.467,331225.45,106677.0,45.0,1358982.0,974584015018.0,270488899253.0,,1442073010.0,101989145871.0,7910530981.0,,,101474359426.0,45788419.0,152351216902.0,5711301595.0,87584643042.0,254946.0,,
burrata,clang,0,9,vectorwise,64,q9 vectorwise,909.15,322631.02,128187.0,379.0,1416152.0,944987371893.0,343525538723.0,,1904044573.0,126697208371.0,8981925984.0,,,133894492795.0,60042751.0,183972092499.0,6152120961.0,105014220256.0,238303.0,,
burrata,clang,0,9,hyper,64,q9 hyper,2362.706,877160.64,122717.0,55.0,1365516.0,2597721516803.0,1465496417558.0,,1406535327.0,403264856819.0,8060168267.0,,,400924347926.0,87391159.0,429919759798.0,5749974180.0,242702093032.0,296711.0,,
burrata,gcc,0,9,vectorwise,64,q9 vectorwise,891.172,316714.29,142545.0,391.0,1416518.0,925782153572.0,370071740676.0,,2217572144.0,109556249516.0,8825212238.0,,,146733802723.0,53006419.0,155487032435.0,6187023408.0,136933957813.0,267626.0,,
burrata,gcc,0,9,hyper,64,q9 hyper,1023.037,366340.67,56351.0,46.0,1363412.0,1076045562259.0,268918141366.0,,1479661347.0,103355187276.0,7986191165.0,,,100740401894.0,50550798.0,159579638716.0,5790828911.0,86955370484.0,274578.0,,
burrata,clang,0,9,vectorwise,80,q9 vectorwise,846.296,355719.82,141793.0,490.0,1411996.0,1031879636851.0,364035247708.0,,1911092554.0,129931658300.0,8873340180.0,,,137369365485.0,65255513.0,188466920419.0,6149408224.0,108322788223.0,348130.0,,
burrata,clang,0,9,hyper,80,q9 hyper,1956.336,896685.02,199143.0,99.0,1369240.0,2638118341649.0,1475492219290.0,,1446762085.0,406910821205.0,8077445611.0,,,404189031964.0,99872009.0,431937906715.0,5775208598.0,245320622330.0,376112.0,,
burrata,gcc,0,9,vectorwise,80,q9 vectorwise,828.141,355025.24,259260.0,491.0,1409196.0,1030568722642.0,422922932465.0,,2254532031.0,119002403260.0,8851983364.0,,,161872810631.0,57734357.0,165717264499.0,6174368408.0,155874864849.0,316989.0,,
burrata,gcc,0,9,hyper,80,q9 hyper,938.258,409636.18,178973.0,61.0,1359494.0,1188958724402.0,291571344600.0,,1467383193.0,107605911237.0,7962465875.0,,,108471705351.0,64118134.0,165530598685.0,5726152344.0,94122781390.0,394535.0,,
burrata,clang,0,9,hyper,96,q9 hyper,1726.415,927194.89,495308.0,112.0,1364927.0,2716736632200.0,1507440572068.0,,1414668694.0,411519073681.0,8100770032.0,,,414666424418.0,113169438.0,443116865839.0,5789946483.0,255870120650.0,456178.0,,
burrata,clang,0,9,vectorwise,96,q9 vectorwise,769.853,396290.11,146547.0,583.0,1419887.0,1140956778594.0,383826669033.0,,1920083143.0,133820914420.0,8905613276.0,,,143468022229.0,72023717.0,195642821683.0,6146976847.0,112514163620.0,411362.0,,
burrata,gcc,0,9,hyper,96,q9 hyper,867.797,448137.44,284722.0,86.0,1373683.0,1294136642439.0,301660364962.0,,1454888123.0,109274683097.0,7968770784.0,,,113758336294.0,75284264.0,174568009812.0,5714263273.0,99082510679.0,500104.0,,
burrata,gcc,0,9,vectorwise,96,q9 vectorwise,748.489,397820.83,139393.0,588.0,1420279.0,1151556698791.0,487454339291.0,,2261827516.0,129881048842.0,8771352193.0,,,184056313717.0,62700666.0,177289662938.0,6147332535.0,172372925195.0,374414.0,,
burrata,clang,0,9,vectorwise,104,q9 vectorwise,742.281,418129.35,329708.0,633.0,1424425.0,1205010474361.0,384476691569.0,,1919334665.0,133610558736.0,8907649963.0,,,144250438227.0,77795036.0,200154994420.0,6179887247.0,114822849605.0,447538.0,,
burrata,clang,0,9,hyper,104,q9 hyper,1591.472,936932.94,288138.0,120.0,1376517.0,2741940861721.0,1522172642215.0,,1417187708.0,413492674189.0,8092728174.0,,,419216051585.0,110137827.0,444360324240.0,5764907295.0,258695013007.0,506662.0,,
burrata,gcc,0,9,vectorwise,104,q9 vectorwise,784.646,418333.92,258828.0,634.0,1425124.0,1203147845687.0,441557298000.0,,2271855134.0,122927332692.0,8833346946.0,,,168602743449.0,68745107.0,175937270448.0,6237770276.0,161366488905.0,424395.0,,
burrata,gcc,0,9,hyper,104,q9 hyper,839.612,465600.24,249879.0,114.0,1379051.0,1336836644807.0,314359518926.0,,1481555293.0,111282646650.0,7970771734.0,,,116376479004.0,80269396.0,177435042098.0,5726038461.0,102607374486.0,526916.0,,
burrata,clang,0,9,hyper,112,q9 hyper,1502.311,942010.69,276735.0,152.0,1387241.0,2746962493953.0,1502909681021.0,,1413414763.0,409016003718.0,8096463341.0,,,410853704781.0,122251880.0,439736927683.0,5764714563.0,253542858442.0,496205.0,,
burrata,clang,0,9,vectorwise,112,q9 vectorwise,789.336,438613.05,281098.0,687.0,1428235.0,1252631020390.0,423361601357.0,,1994270687.0,141601483244.0,9015763327.0,,,151047864995.0,84990595.0,201273258398.0,6155995074.0,118822903785.0,464504.0,,
burrata,gcc,0,9,hyper,112,q9 hyper,820.308,486404.14,263553.0,165.0,1379595.0,1394094648718.0,303441852889.0,,1473640740.0,109687058488.0,7981793973.0,,,112718684413.0,85070805.0,178583675098.0,5749836675.0,98282588395.0,505836.0,,
burrata,gcc,0,9,vectorwise,112,q9 vectorwise,788.545,464338.65,587024.0,680.0,1428092.0,1330514632417.0,678732148420.0,,2286612192.0,164509518553.0,8878130439.0,,,252566444779.0,83095903.0,219144405668.0,6249535065.0,243036551899.0,440742.0,,
burrata,clang,0,9,vectorwise,120,q9 vectorwise,772.661,484233.86,261778.0,742.0,1434265.0,1379840546676.0,649482484745.0,,1892255842.0,173217804438.0,8852749607.0,,,216382083723.0,95068772.0,240391755476.0,6163329000.0,177782588371.0,510705.0,,
burrata,clang,0,9,hyper,120,q9 hyper,1427.48,961890.09,425348.0,115.0,1383279.0,2798675723127.0,1506830446099.0,,1418300205.0,412003311311.0,8106308257.0,,,415509894436.0,127611020.0,445694671026.0,5782877526.0,254302879217.0,517993.0,,
burrata,gcc,0,9,vectorwise,120,q9 vectorwise,780.537,497283.99,301421.0,721.0,1434948.0,1419225272780.0,748569668246.0,,2288729514.0,173822986923.0,8874820209.0,,,271539348211.0,86134977.0,229925779804.0,6261240391.0,265809007336.0,457441.0,,
burrata,gcc,0,9,hyper,120,q9 hyper,808.418,511504.55,236200.0,109.0,1380350.0,1460265468386.0,308055122141.0,,1492900436.0,110234630759.0,7989661335.0,,,112830178430.0,87923026.0,180447093127.0,5750583293.0,100284741825.0,577532.0,,
burrata,gcc,0,9,vectorwise,128,q9 vectorwise,716.181,498965.75,230147.0,792.0,1437807.0,1410493017757.0,611201389065.0,,2254996444.0,150264622745.0,8780491483.0,,,227511533749.0,90008464.0,205447685397.0,6212481853.0,215544658328.0,464485.0,,
burrata,gcc,0,9,hyper,128,q9 hyper,760.911,523604.59,404230.0,124.0,1379071.0,1487491551768.0,309730594645.0,,1472375558.0,110673536949.0,8026834564.0,,,114963700461.0,91436395.0,181590845799.0,5717357406.0,100615654786.0,606387.0,,
burrata,clang,0,9,vectorwise,128,q9 vectorwise,721.888,499342.73,273943.0,785.0,1438547.0,1415747759114.0,586607254000.0,,1904906705.0,162819297484.0,8861215095.0,,,200194544708.0,100315162.0,232518511351.0,6166816300.0,164456656000.0,538964.0,,
burrata,clang,0,9,hyper,128,q9 hyper,1349.574,967643.36,349464.0,154.0,1372630.0,2807312597546.0,1508476452107.0,,1420019160.0,410545831108.0,8128990563.0,,,412172014390.0,129377949.0,445574395008.0,5766476531.0,255830119852.0,591869.0,,
burrata,gcc,0,18,vectorwise,1,q18 vectorwise,28517.679,171748.99,17434.0,0.0,1098181.0,514541275369.0,783757774552.0,,3292368417.0,301416192811.0,8515673129.0,,,275955196733.0,23190630.0,345158450960.0,2283646305.0,235654177022.0,8343.0,,
burrata,gcc,0,18,hyper,1,q18 hyper,19598.168,118161.02,12550.0,4.0,1374952.0,353865251510.0,440714676629.0,,1177723949.0,178337360179.0,4238001806.0,,,141700393911.0,18863023.0,202590260322.0,1223168809.0,102335112590.0,10739.0,,
burrata,clang,0,18,hyper,16,q18 hyper,4142.844,386841.14,51182.0,3.0,1506699.0,1150512403687.0,1446193372933.0,,1288797677.0,452859679294.0,4528787043.0,,,409251423184.0,44405193.0,602523844476.0,1290164155.0,260334864018.0,87687.0,,
burrata,clang,0,18,vectorwise,16,q18 vectorwise,2157.452,200020.73,26437.0,87.0,1156267.0,594093456769.0,746651449525.0,,3440891264.0,339729315398.0,9173064144.0,,,264931329598.0,31858454.0,385453278665.0,2233010094.0,203083907385.0,105273.0,,
burrata,gcc,0,18,hyper,16,q18 hyper,1664.583,148510.42,27773.0,8.0,1506192.0,436513600380.0,439849070081.0,,1302343964.0,181640049754.0,4423405248.0,,,145603171437.0,26817894.0,211962800537.0,1265348633.0,106851460818.0,86056.0,,
burrata,gcc,0,18,vectorwise,16,q18 vectorwise,2032.552,188525.65,25081.0,92.0,1164336.0,558625353332.0,791220289926.0,,3319940402.0,303011782559.0,9172600526.0,,,279461014794.0,28794034.0,343554001659.0,2200918773.0,238512194614.0,97194.0,,
burrata,clang,0,18,vectorwise,32,q18 vectorwise,1336.008,233403.62,40355.0,190.0,1751206.0,682781333458.0,792030269298.0,,3299683379.0,347582059647.0,9542883190.0,,,271386301723.0,41958959.0,397026405399.0,2243657549.0,206523044517.0,198628.0,,
burrata,clang,0,18,hyper,32,q18 hyper,2271.683,411945.6,178979.0,32.0,1553226.0,1209563193137.0,1448298372589.0,,1261153860.0,452924367134.0,4839100333.0,,,409472177321.0,65970289.0,620494902682.0,1284010222.0,259929421790.0,180917.0,,
burrata,gcc,0,18,vectorwise,32,q18 vectorwise,1289.747,222530.19,52595.0,188.0,1753979.0,650675938754.0,821474109024.0,,3129357507.0,308300165578.0,9406925257.0,,,283238080795.0,38288823.0,353445196135.0,2240583883.0,243002528517.0,147324.0,,
burrata,gcc,0,18,hyper,32,q18 hyper,1067.175,183562.11,55907.0,26.0,1622571.0,528840161822.0,448943922129.0,,1265475736.0,181364566938.0,4673859167.0,,,145590979239.0,39261816.0,213487002319.0,1266489056.0,107396416804.0,191220.0,,
burrata,clang,0,18,vectorwise,48,q18 vectorwise,1226.048,291344.58,109245.0,289.0,2337571.0,844026881860.0,900746535614.0,,3325612165.0,365751283772.0,9637904709.0,,,303967464495.0,55504053.0,419656281350.0,2333983235.0,234879587767.0,309334.0,,
burrata,clang,0,18,hyper,48,q18 hyper,1788.167,461333.85,134809.0,52.0,2052501.0,1337593375140.0,1461390590675.0,,1278994440.0,455338542256.0,4917022727.0,,,412239061569.0,74318061.0,658051148669.0,1391569457.0,264368393648.0,308982.0,,
burrata,gcc,0,18,vectorwise,48,q18 vectorwise,1156.262,279078.61,115906.0,289.0,2316760.0,803489314721.0,905779277127.0,,3167706544.0,325217727087.0,9560457689.0,,,313257444624.0,51432964.0,375767794353.0,2342882137.0,269707278638.0,257570.0,,
burrata,gcc,0,18,hyper,48,q18 hyper,1022.191,242521.64,122993.0,32.0,2028444.0,683462277490.0,456918227407.0,,1288111729.0,183039733305.0,4724879511.0,,,148076569999.0,58863504.0,222802365525.0,1348497955.0,111534131817.0,299965.0,,
burrata,clang,0,18,hyper,64,q18 hyper,1398.168,481180.98,267803.0,72.0,1673221.0,1383514706837.0,1477694685283.0,,1227830796.0,455474286721.0,5001967520.0,,,413341058377.0,97139223.0,668105726057.0,1267906043.0,264608584839.0,379259.0,,
burrata,clang,0,18,vectorwise,64,q18 vectorwise,900.7,303225.29,258597.0,387.0,1303908.0,866902221977.0,800202343093.0,,3425116377.0,349396247259.0,10145970626.0,,,280979387593.0,60306233.0,409172654220.0,2106082358.0,214923189815.0,356813.0,,
burrata,gcc,0,18,hyper,64,q18 hyper,842.103,271045.93,152545.0,68.0,1750223.0,757500060460.0,472873590783.0,,1264964783.0,184147495880.0,4930760519.0,,,146276971437.0,77612926.0,219936818164.0,1246113164.0,112636317854.0,324214.0,,
burrata,gcc,0,18,vectorwise,64,q18 vectorwise,888.822,297719.08,240050.0,396.0,1301848.0,848381165315.0,897229815517.0,,3314797301.0,319824036429.0,9992134074.0,,,312001909268.0,58323040.0,374080587314.0,2091064848.0,273020938350.0,298238.0,,
burrata,clang,0,18,vectorwise,80,q18 vectorwise,890.77,356881.52,301066.0,498.0,1482896.0,1008514763740.0,926597094464.0,,3427481428.0,366824517878.0,10106867776.0,,,313054252558.0,74954488.0,433314220268.0,2131607699.0,242676044199.0,418567.0,,
burrata,clang,0,18,hyper,80,q18 hyper,1273.264,532037.98,435352.0,142.0,2001167.0,1517096176818.0,1493199935018.0,,1244370498.0,459236127618.0,5069247929.0,,,418473758158.0,102107938.0,702440693232.0,1321098873.0,270166857660.0,497322.0,,
burrata,gcc,0,18,vectorwise,80,q18 vectorwise,856.412,348817.38,245156.0,495.0,1477857.0,983337543189.0,923917947996.0,,3178751396.0,316011760149.0,9788693530.0,,,324618987284.0,65795828.0,393250164435.0,2104044970.0,289958279380.0,360396.0,,
burrata,gcc,0,18,hyper,80,q18 hyper,877.901,328196.1,328509.0,132.0,1986907.0,903242056592.0,480132123727.0,,1252808196.0,187397597000.0,4976037035.0,,,155502534164.0,93663381.0,231891823630.0,1303049066.0,117108014441.0,504818.0,,
burrata,clang,0,18,hyper,96,q18 hyper,1246.343,582850.25,288794.0,286.0,2357363.0,1625554964517.0,1486451962058.0,,1252225570.0,458257668209.0,5177764116.0,,,417911868259.0,133700748.0,732543406469.0,1357848234.0,270431340820.0,649557.0,,
burrata,clang,0,18,vectorwise,96,q18 vectorwise,886.276,416809.28,379611.0,607.0,1639890.0,1166820851047.0,973434437622.0,,3477332946.0,373157119733.0,10190472310.0,,,322008421376.0,88152323.0,444614202877.0,2141730908.0,254468917171.0,427705.0,,
burrata,gcc,0,18,hyper,96,q18 hyper,928.065,390372.97,392058.0,580.0,2322213.0,1039946777221.0,477710154467.0,,1264124592.0,188423685625.0,5102168753.0,,,157975115104.0,127683953.0,238048663464.0,1355822556.0,116788197958.0,702567.0,,
burrata,gcc,0,18,vectorwise,96,q18 vectorwise,868.26,410302.16,425635.0,604.0,1647665.0,1142798464796.0,1003045908065.0,,3356377841.0,338962916759.0,10077015054.0,,,347170959229.0,85465615.0,403809959585.0,2141564870.0,306450913442.0,404319.0,,
burrata,clang,0,18,hyper,104,,,616088.34,483869.0,309.0,2459955.0,1705241356516.0,1503962587142.0,,1258326483.0,462339209323.0,5231536058.0,,,421534492528.0,156302356.0,751453282944.0,1382592715.0,273624194325.0,740499.0,,
burrata,clang,0,18,vectorwise,104,q18 vectorwise,885.57,456032.64,315818.0,656.0,1737202.0,1266865922574.0,1109918773727.0,,3441626935.0,397851993176.0,10192608830.0,,,358888400543.0,101810440.0,474211805256.0,2143684180.0,270765671842.0,510652.0,,
burrata,gcc,0,18,hyper,104,q18 hyper,968.151,429261.76,329991.0,266.0,2428129.0,1144353402606.0,472052920204.0,,1253245458.0,184507928325.0,5107549087.0,,,149843379351.0,143521882.0,240770183436.0,1378088806.0,117118638091.0,727564.0,,
burrata,gcc,0,18,vectorwise,104,q18 vectorwise,876.684,441351.88,305515.0,630.0,1759307.0,1226191914797.0,1015007208494.0,,3300341587.0,338421841340.0,10009181135.0,,,350634848690.0,94386681.0,409910413663.0,2135154335.0,312332632015.0,461374.0,,
burrata,clang,0,18,vectorwise,112,q18 vectorwise,939.346,485752.68,457896.0,702.0,1813321.0,1335647688947.0,1024620429840.0,,3460755541.0,386445027173.0,10276369527.0,,,338071314681.0,113136931.0,468332318040.0,2154338409.0,266712707470.0,531340.0,,
burrata,clang,0,18,hyper,112,q18 hyper,1252.57,651350.65,453157.0,395.0,2480729.0,1786201805069.0,1530930674146.0,,1264925499.0,466201991560.0,5230780802.0,,,430947339150.0,164419295.0,772453608630.0,1411968084.0,281961092607.0,788886.0,,
burrata,gcc,0,18,vectorwise,112,q18 vectorwise,908.572,489260.8,397146.0,714.0,1819915.0,1348657436930.0,1132645778125.0,,3269169257.0,358077959825.0,10001569290.0,,,391682454147.0,106711782.0,436431977188.0,2176931635.0,349521343512.0,458849.0,,
burrata,gcc,0,18,hyper,112,q18 hyper,991.923,469038.32,367960.0,409.0,2615725.0,1238603213649.0,503398943571.0,,1275084473.0,191242180394.0,5164037711.0,,,160314853385.0,154708804.0,248289063647.0,1402484371.0,124321407648.0,801369.0,,
burrata,clang,0,18,hyper,120,q18 hyper,1265.722,691202.35,619951.0,555.0,2690117.0,1886953670370.0,1551114785866.0,,1277777499.0,472266158229.0,5313078179.0,,,440203002424.0,186283277.0,796210633625.0,1418562640.0,285154247294.0,871805.0,,
burrata,clang,0,18,vectorwise,120,q18 vectorwise,979.885,566984.43,582885.0,763.0,1915993.0,1570279722086.0,1494213727043.0,,3518179882.0,455626508431.0,10353421662.0,,,465881146055.0,124374794.0,549046227318.0,2174041425.0,378901904112.0,580793.0,,
burrata,gcc,0,18,hyper,120,q18 hyper,1022.719,514999.85,581359.0,499.0,2734878.0,1361010821412.0,509479136683.0,,1293640748.0,195547473004.0,5223354551.0,,,167022675524.0,168471314.0,258292346537.0,1418412304.0,127265581117.0,891549.0,,
burrata,gcc,0,18,vectorwise,120,q18 vectorwise,959.4,519478.36,360993.0,744.0,1895755.0,1417878496165.0,1070232527119.0,,3279577311.0,345191559098.0,9977158628.0,,,363332315130.0,117147551.0,429323974979.0,2173469029.0,328797010596.0,513755.0,,
burrata,gcc,0,18,vectorwise,128,q18 vectorwise,990.289,592509.83,398137.0,800.0,2033536.0,1609370674264.0,1186927036255.0,,3091603020.0,368934461566.0,10410581555.0,,,406426235616.0,137140959.0,469604676467.0,2229731155.0,361492306385.0,579599.0,,
burrata,gcc,0,18,hyper,128,q18 hyper,959.697,509080.06,464310.0,664.0,1900626.0,1340093790368.0,506146184463.0,,1287904259.0,192275911802.0,5510214974.0,,,161194744323.0,167166124.0,263098579122.0,1268298753.0,124720549787.0,630376.0,,
burrata,clang,0,18,vectorwise,128,q18 vectorwise,1013.175,601532.18,605681.0,802.0,2002054.0,1635766253118.0,1237641257063.0,,3302214957.0,420312960583.0,10545074767.0,,,389137464340.0,141872060.0,527981365669.0,2246946805.0,295244525211.0,682844.0,,
burrata,clang,0,18,hyper,128,q18 hyper,1185.259,688694.81,606751.0,733.0,1986618.0,1872598444796.0,1532663971738.0,,1267979204.0,466903421448.0,5617770722.0,,,430264443781.0,187677075.0,800362594008.0,1262329397.0,281802635558.0,620936.0,,
